"";"C1A17";"C1F18";"C1A18";"C2A17";"C2F18";"C2A18";"C3A17";"C3F18";"C3A18";"C4A17";"C4F18";"C4A18";"F1A17";"F1F18";"F1A18";"F2A17";"F2F18";"F2A18";"F3A17";"F3F18";"F3A18";"F4A17";"F4F18";"F4A18";"H1A17";"H1F18";"H1A18";"H2A17";"H2F18";"H2A18";"H3A17";"H3F18";"H3A18";"H4A17";"H4F18";"H4A18";"P1F18";"P1A18";"P2F18";"P3F18";"P4F18";"L1A17";"L1F18";"L1A18";"L2A17";"L2F18";"L2A18";"L3A17";"L3F18";"L3A18";"L4A17";"L4F18";"L4A18";"Q1A17";"Q1F18";"Q2A17";"Q2F18";"Q3A17";"Q3F18";"Q3A18";"Q4A17";"Q4F18";"Q4A18"
"C1A17";0;0,782836205469582;0,924817832939251;0,537051801887378;0,781602039533144;0,922562850270818;0,782172496801452;0,648774079802885;0,855078603972328;0,714841099114041;0,6391618775104;0,868690381914284;0,738303606421849;0,814523859203306;0,930829199743928;0,748785639068095;0,877500878454522;0,922891645317348;0,732007901953085;0,862793928219442;0,935048868257018;0,743379471311836;0,869153146449115;0,897934565003073;0,761084262620415;0,877979024411961;0,92984197385797;0,780949895230456;0,878420677340733;0,922533347766801;0,828521149672967;0,860856113293444;0,926582453462662;0,829304584898451;0,847389832615959;0,912230701563979;0,889255870226696;0,860639017573209;0,876927915068565;0,870344624927867;0,861408160254478;0,87510343988475;0,919340236855494;0,930372337953397;0,888244765470453;0,889335446667982;0,895646870279146;0,879474401339823;0,882624994922724;0,877626227901357;0,886439823835411;0,856393382980153;0,885056328878816;0,835249075331644;0,896831850134003;0,818350317891939;0,893311031552143;0,824884866626926;0,88119221534277;0,886539587295956;0,840322581953104;0,912748334114155;0,887664585807955
"C1F18";0,782836205469582;0;0,331212959819818;0,831771965845765;0,291356303941926;0,362498321296883;0,784114437508852;0,622897531674152;0,446904981813803;0,822291561984194;0,503195315522401;0,467469322266305;0,487750270213157;0,395636598284653;0,333934429453796;0,35790568076845;0,241796833487326;0,285612233894942;0,387421719579878;0,242071248201674;0,403520475164092;0,499951586675042;0,263859100488871;0,300487282067998;0,344863859013909;0,308007916643944;0,360749506921917;0,348375608990867;0,313091736722263;0,337458423061474;0,320983762155742;0,302811096807244;0,325671946454506;0,306839348050136;0,310812961225476;0,323749640952785;0,270861159847077;0,425635414023707;0,279648237270908;0,317458209741516;0,267654432235816;0,39025396153501;0,560328216816453;0,413686671149152;0,368696014771817;0,339610680286829;0,406626169484069;0,373901701318735;0,373933611260851;0,411396951789731;0,394274253121454;0,325351036810045;0,418589988699031;0,687247836734125;0,776319128257478;0,37703334666037;0,437986535593181;0,514929202633089;0,387289272353671;0,39052014997636;0,477841383324082;0,561533511988643;0,379183691737423
"C1A18";0,924817832939251;0,331212959819818;0;0,909934885021975;0,498304887645918;0,136106654131565;0,929054646468917;0,828994991809275;0,246572127894089;0,911635991243788;0,730646642219412;0,253039785201546;0,48998850435374;0,544204790504387;0,260576702805746;0,406680598994989;0,359052887958459;0,190274446044961;0,478115188851335;0,324998235357009;0,372327335041715;0,626229088440368;0,352134110565191;0,22159936316488;0,392556367456494;0,379503606397829;0,22312813830715;0,374452748258438;0,35095001666621;0,202979086409714;0,33050889893567;0,369577807666186;0,223688934624887;0,304534936830841;0,388567730545127;0,12651155979775;0,261327869918421;0,43712988722712;0,285907474804565;0,308386949040617;0,286268251928917;0,373257603624203;0,511670289550947;0,366052954410351;0,368080748939605;0,371082398573588;0,387690363500031;0,386348195586267;0,373528341394894;0,356100764151105;0,394980986717231;0,315123997610251;0,375405787993839;0,68849843588468;0,789305765595336;0,379476184802099;0,429149040349613;0,505303958682108;0,363932972802011;0,31644620674628;0,452100818176308;0,512631532534253;0,331162270013696
"C2A17";0,537051801887378;0,831771965845765;0,909934885021975;0;0,742472211237253;0,879144848068107;0,67014430223338;0,677778908943285;0,891378264722884;0,801596797973428;0,682974462172519;0,870161077294223;0,825547644825822;0,785154470857014;0,866817687378541;0,801746648963257;0,882282454034899;0,924714972955839;0,759113538784143;0,867121744482611;0,839462690144053;0,695918107766757;0,87693226590116;0,892390061191837;0,85184237925871;0,934478184674154;0,930744589906072;0,868653310063441;0,924451562467307;0,935852401969109;0,908799958250257;0,925918360074885;0,942704393390683;0,867180595910416;0,926864344911616;0,917799878138396;0,900436469658847;0,807702041691494;0,901646690826685;0,904995672653348;0,902649505147472;0,930082292377294;0,89153170974036;0,9084913242472;0,907005895723313;0,879921902450848;0,927084831286433;0,927699696808011;0,909368492880766;0,900061859215823;0,917472580608436;0,899088457490432;0,917747550793785;0,84630840983173;0,842654120419888;0,8991887704438;0,917514569094289;0,906743228944291;0,911470105504839;0,921853528528631;0,904948413778568;0,79628013596913;0,912672133199774
"C2F18";0,781602039533144;0,291356303941926;0,498304887645918;0,742472211237253;0;0,510575288560018;0,701374973300274;0,517238126233076;0,476085728185995;0,76046118392691;0,379518931768253;0,509967131792136;0,491076931176527;0,333435356724096;0,478438178403567;0,379900880118011;0,343545539415125;0,475958444262115;0,383348837786604;0,341397821165509;0,51119524957587;0,485550803871042;0,370547087650428;0,441489298767517;0,488640804600259;0,530139008358107;0,533422494307433;0,50139709380655;0,516352591114377;0,517505174513505;0,486539702299619;0,515997409060143;0,499313682106449;0,469586493019739;0,523994461793158;0,499751926058878;0,468492508600204;0,462994014957503;0,447516398429948;0,470329677473169;0,470014567634186;0,574584442802614;0,611927053048316;0,580519759195803;0,52732491533132;0,490548713546352;0,580563634640395;0,542580977327261;0,540724384390974;0,555953999059937;0,585119454796625;0,503005174172801;0,591454104654108;0,640562139591213;0,724279501083946;0,498133549131883;0,539010476628834;0,588745624876463;0,491357709898541;0,520433894052603;0,54052713072231;0,507904886437011;0,550373894933212
"C2A18";0,922562850270818;0,362498321296883;0,136106654131565;0,879144848068107;0,510575288560018;0;0,900469699484108;0,821934951762649;0,294724947934985;0,887899107988721;0,725609970838051;0,307061446714391;0,505270377132382;0,540700543244101;0,228926834380082;0,427764521768191;0,366718236730857;0,254719619332203;0,492513577320804;0,341959834054367;0,317523891985942;0,610475525107825;0,374028258061056;0,265004826396868;0,43071479966305;0,41640113079513;0,27083584195748;0,434205855906003;0,386922312616398;0,250492538433773;0,392015240966199;0,409714005477192;0,266423658374493;0,357045204717067;0,433424858942321;0,178486487063277;0,298248810708038;0,41961242331507;0,319574459506302;0,343762310665876;0,327052617742305;0,44663800628774;0,529706485468685;0,418809453770489;0,445905509463142;0,393251507406505;0,46335347587437;0,454252663035958;0,382131195401421;0,406826507305904;0,457226933667929;0,360479480438221;0,430314801772284;0,7011585443406;0,778359150492266;0,440137513534356;0,481508373744103;0,541213170148467;0,411140414109192;0,357255473195626;0,496902925634085;0,477279954171855;0,372951268700309
"C3A17";0,782172496801452;0,784114437508852;0,929054646468917;0,67014430223338;0,701374973300274;0,900469699484108;0;0,37014802731627;0,886506894687073;0,578865140184894;0,467009268764332;0,89726210923503;0,928508007293905;0,658266771207962;0,82405382695014;0,788928558836167;0,801038033382575;0,8580483979996;0,774438866089829;0,83418856218209;0,798944091123288;0,77117177645904;0,886855722397384;0,845259132334823;0,847708881347777;0,924653632027534;0,953154721594673;0,904231361037814;0,932227167278362;0,934748714989514;0,902059099730714;0,903104586897058;0,929471558701603;0,871900993791326;0,889759583140426;0,901637178463713;0,877702202645752;0,738494880854417;0,856211632585095;0,873307654615695;0,869221186880999;0,895290417235986;0,890853198548587;0,892338305472949;0,943686759458376;0,846065510974016;0,887249796880001;0,944646319580977;0,843473214841148;0,880759597819763;0,946154854735999;0,8331392109598;0,855771757029959;0,726129952149912;0,60323492950011;0,876132538023551;0,79456962281981;0,855419911755833;0,811699799657255;0,867135954657571;0,874422734868511;0,725376226038847;0,888555334587943
"C3F18";0,648774079802885;0,622897531674152;0,828994991809275;0,677778908943285;0,517238126233076;0,821934951762649;0,37014802731627;0;0,759782237831451;0,705137992238475;0,268355913331871;0,775592903025372;0,730287036554134;0,642415580673816;0,799157518980673;0,667096805906719;0,670433689149039;0,802709878388151;0,690732261084268;0,686900864994734;0,782614312659103;0,715361899484451;0,690909698355322;0,763441170155825;0,689709506381036;0,790379798255246;0,848933872106199;0,717231559873626;0,815197585252136;0,837916340872474;0,745583301256339;0,795004131069429;0,830582141447459;0,752828078710139;0,79599889755818;0,824298458337954;0,79888501874254;0,699913573992325;0,784782450013933;0,788517722091462;0,794778860939964;0,830275764908201;0,885831485789671;0,845144943132503;0,793582381658449;0,795928544771544;0,827884306905323;0,807823747289201;0,790620872812325;0,805673360079269;0,825710295049747;0,797617457710853;0,828413344098327;0,718189105098492;0,623434144636333;0,72729287280982;0,814155395725099;0,781815855963808;0,772042430132021;0,789670650714625;0,755587286204954;0,725810667601941;0,815206825763982
"C3A18";0,855078603972328;0,446904981813803;0,246572127894089;0,891378264722884;0,476085728185995;0,294724947934985;0,886506894687073;0,759782237831451;0;0,899338020398772;0,676217777089223;0,115789983298853;0,452094732572133;0,564238037439599;0,364014741873582;0,377557254173376;0,449309631663636;0,335050563033667;0,471301199154955;0,38583060558371;0,425226616633138;0,5950851262723;0,431991274743154;0,313220844433299;0,498288073403923;0,509754909645314;0,382711535380809;0,509747893094297;0,478997173197123;0,350963704116705;0,454328397028693;0,498720774040661;0,36623681273126;0,430288958001355;0,502388653363447;0,25217004947424;0,355903862207897;0,406145765556205;0,364869307276521;0,39513398384762;0,379436180875599;0,49411309892553;0,623929172262083;0,488165236599333;0,487241671056677;0,49719851839631;0,516910431031809;0,509077284019597;0,495927407367597;0,435411737425406;0,513503999154554;0,442591355412668;0,503929237662922;0,691154004244017;0,841433139077094;0,472682592606595;0,584217784153012;0,607300958114483;0,503209449674948;0,358736270305817;0,518303344081696;0,606224115529942;0,421152805092467
"C4A17";0,714841099114041;0,822291561984194;0,911635991243788;0,801596797973428;0,76046118392691;0,887899107988721;0,578865140184894;0,705137992238475;0,899338020398772;0;0,704125271469165;0,911197681214518;0,873629097904065;0,74178250123931;0,868853890965979;0,840127001079312;0,813894218803115;0,88670247188898;0,796890209385221;0,865642538323629;0,851545698711002;0,803963254571104;0,88198340578333;0,88945534688871;0,830303693000981;0,875687071396774;0,906232735087058;0,853258253665228;0,8959612870258;0,898467775240252;0,872975833158159;0,893729011472292;0,897371692496511;0,879609318658974;0,878888564816391;0,890141883582766;0,882977599010501;0,777547707670175;0,875511818063669;0,898736575642452;0,89107182860945;0,878208263872533;0,826181112002426;0,873844297802508;0,913465383160202;0,836248258149894;0,883903082605681;0,900103673545307;0,838085154047526;0,863985807068965;0,905619239115918;0,846316017159527;0,836324455649015;0,816917750402122;0,810574300552193;0,824872964543159;0,830898699983524;0,771521084190237;0,836809193745834;0,862194736287056;0,813010557672271;0,779946903274678;0,872675358341036
"C4F18";0,6391618775104;0,503195315522401;0,730646642219412;0,682974462172519;0,379518931768253;0,725609970838051;0,467009268764332;0,268355913331871;0,676217777089223;0,704125271469165;0;0,682951856021335;0,656100536074411;0,549945041968971;0,698787393867996;0,557223066597601;0,590876805941661;0,70306141230169;0,576125190246521;0,576928765785286;0,688100197489417;0,620145790774083;0,630998432151638;0,67427800899773;0,650360547891563;0,718372110657822;0,754693328747478;0,683401021376855;0,708245587211393;0,747468245156926;0,695993832368573;0,695987486823209;0,73187862122246;0,691217934654705;0,703941903681912;0,721479137951661;0,681521635906804;0,611860146403004;0,650556837873297;0,668823635487158;0,681362922341212;0,77859946604346;0,854489308031884;0,736879071753024;0,746242317952382;0,685457815011108;0,775206492941306;0,746733346770853;0,737475305639679;0,736129145869267;0,768400393424873;0,699291612046021;0,778494197303275;0,74026157959535;0,617367040550728;0,709754567126151;0,689036065020912;0,780976958276382;0,671841209919193;0,75461813004599;0,763447931161412;0,674262505458274;0,755186134266233
"C4A18";0,868690381914284;0,467469322266305;0,253039785201546;0,870161077294223;0,509967131792136;0,307061446714391;0,89726210923503;0,775592903025372;0,115789983298853;0,911197681214518;0,682951856021335;0;0,475416935569337;0,614367256290164;0,393513806134023;0,402369784476985;0,470992658091661;0,341968086013125;0,495130727348967;0,391441870931917;0,465298774574303;0,601772416245543;0,43636426585188;0,341960903629843;0,527887770791177;0,496765685191605;0,368551986753757;0,514758309474417;0,483424960686801;0,365568640414305;0,480884853636834;0,501439393109476;0,389823224361837;0,435682041181887;0,515046186096957;0,281568527549528;0,385068826259535;0,434415797874568;0,383316405790286;0,412263365030406;0,39081708763951;0,502965560927588;0,644436105099559;0,508754193482094;0,483259429078282;0,516306674116287;0,515552436972027;0,494540052750032;0,521013693154606;0,457896422872182;0,504983392599917;0,448205152456364;0,512525525639657;0,694793789534437;0,839607003405175;0,456116098990792;0,589212849537292;0,589880089139849;0,510897113768426;0,383321710178806;0,519657120672254;0,628670149661528;0,434100509104792
"F1A17";0,738303606421849;0,487750270213157;0,48998850435374;0,825547644825822;0,491076931176527;0,505270377132382;0,928508007293905;0,730287036554134;0,452094732572133;0,873629097904065;0,656100536074411;0,475416935569337;0;0,598313399100093;0,486758034663852;0,263676839914781;0,484432481553585;0,481748322482084;0,342441954133194;0,383012488064283;0,548085122692177;0,431329956660265;0,380462024291871;0,442144100056805;0,429023659467742;0,449971914110552;0,455419259383856;0,428979816975831;0,447547026206173;0,457809887774984;0,40592549392547;0,442454908570073;0,457563735911519;0,381668910764858;0,445603659898278;0,471944524303089;0,470037163493599;0,505844728782166;0,447385452274465;0,429891870775931;0,456002972154171;0,430389609512323;0,574682483312084;0,51227379572206;0,402953986582948;0,503810442711607;0,46598784193447;0,416642503671962;0,497448317006061;0,471976541047133;0,428944751816068;0,456309233954775;0,461646925077721;0,616702430303995;0,809347459945362;0,396841863418043;0,621025562780779;0,508480997720141;0,53128691529717;0,444000595155857;0,445803686802201;0,624982977232187;0,438126656099933
"F1F18";0,814523859203306;0,395636598284653;0,544204790504387;0,785154470857014;0,333435356724096;0,540700543244101;0,658266771207962;0,642415580673816;0,564238037439599;0,74178250123931;0,549945041968971;0,614367256290164;0,598313399100093;0;0,495674672526286;0,505035279993434;0,338164306559057;0,528975297722299;0,520901695444417;0,443283879381186;0,516613005032321;0,580451485313689;0,467691604529038;0,488388093360266;0,569578902006733;0,59983036770215;0,598564506367724;0,611704282894882;0,587235098661408;0,578166478544624;0,592875876037286;0,587147639357211;0,557716213283306;0,58768818884988;0,586465771429343;0,533792607728385;0,53242137656017;0,504146696169105;0,545881220410998;0,551263558122587;0,542699519288379;0,601164841405461;0,589267737038079;0,611019221630554;0,61836697270638;0,5528626095878;0,612421839136869;0,611530907506702;0,571639545094184;0,611791169462906;0,628353837153321;0,56514591878985;0,608382890136509;0,661715164806381;0,732176676092623;0,607425662471881;0,575233138049526;0,590800393408513;0,506849580126342;0,610553263693559;0,614826857666303;0,501675032633417;0,594804148298513
"F1A18";0,930829199743928;0,333934429453796;0,260576702805746;0,866817687378541;0,478438178403567;0,228926834380082;0,82405382695014;0,799157518980673;0,364014741873582;0,868853890965979;0,698787393867996;0,393513806134023;0,486758034663852;0,495674672526286;0;0,369741875992425;0,341934049366819;0,232122096877599;0,401656750281865;0,301272658038778;0,170192984089464;0,483417947395943;0,334257888329404;0,187407067487133;0,413545503673075;0,407271622844147;0,336212884085683;0,44862834817521;0,370681354326231;0,313605093876424;0,373776158506875;0,379621701373546;0,301044732786636;0,357411421750798;0,382652278338827;0,248000079994052;0,25891649823291;0,301642920127624;0,250373256089825;0,283139823112201;0,278663418735349;0,399696419910566;0,443626402429999;0,333422426264272;0,397745748514091;0,312423288235117;0,397150772757673;0,44463671967214;0,334856365205277;0,350243120608472;0,439699835796451;0,330379019476864;0,379412119948584;0,701889046976516;0,799214046820066;0,444487041657182;0,435455354022306;0,579233858417147;0,381527759071038;0,315369071062601;0,47690008522716;0,520259368167876;0,342778519650166
"F2A17";0,748785639068095;0,35790568076845;0,406680598994989;0,801746648963257;0,379900880118011;0,427764521768191;0,788928558836167;0,667096805906719;0,377557254173376;0,840127001079312;0,557223066597601;0,402369784476985;0,263676839914781;0,505035279993434;0,369741875992425;0;0,407637072769978;0,350839251649335;0,191771280231796;0,31665228218729;0,42091194418927;0,360352859763273;0,327331899127512;0,288281011696719;0,375150538617024;0,424830618960777;0,399619094512568;0,39941555198628;0,418624273723931;0,379840868919616;0,352621425969216;0,393351993778066;0,388489025892904;0,321730962685303;0,388597052213077;0,36188746429951;0,331327715910813;0,412648073239374;0,310334463429821;0,306362050057934;0,323565893067955;0,401429032878728;0,545618261016911;0,429025371727504;0,395274791147063;0,409969843100963;0,395239719413714;0,405092785872896;0,410738042092891;0,414097839837386;0,433013138200817;0,361869620486783;0,433977828280488;0,655445466578401;0,818659619128358;0,375477218800119;0,518038402829561;0,545954716105453;0,477180581709552;0,326677388463627;0,464478411546937;0,613498884583984;0,364879544966126
"F2F18";0,877500878454522;0,241796833487326;0,359052887958459;0,882282454034899;0,343545539415125;0,366718236730857;0,801038033382575;0,670433689149039;0,449309631663636;0,813894218803115;0,590876805941661;0,470992658091661;0,484432481553585;0,338164306559057;0,341934049366819;0,407637072769978;0;0,339722297117061;0,488487308630802;0,241170977751533;0,408625657035884;0,607994608771653;0,278030633648092;0,320240244556563;0,452228832679488;0,403436502174646;0,406367905605212;0,452782844661742;0,409014037255492;0,408587573804823;0,417785602370683;0,397309019099663;0,377979891686587;0,404043482519613;0,405369105782204;0,351517410283868;0,35195873188582;0,433868185625048;0,339336142518661;0,36119104257765;0,35762808730792;0,44656474119573;0,505425486258616;0,435085221231703;0,421126380580652;0,414204706003622;0,451141405085524;0,421914735106744;0,418920051382297;0,468494861893695;0,471121372125202;0,410834194105805;0,448595219677014;0,675561367138326;0,769575147907068;0,372342781457772;0,439031395186542;0,460162533396382;0,382525541402708;0,41205841365792;0,432413120874323;0,558205915540877;0,449567890368493
"F2A18";0,922891645317348;0,285612233894942;0,190274446044961;0,924714972955839;0,475958444262115;0,254719619332203;0,8580483979996;0,802709878388151;0,335050563033667;0,88670247188898;0,70306141230169;0,341968086013125;0,481748322482084;0,528975297722299;0,232122096877599;0,350839251649335;0,339722297117061;0;0,42881200034782;0,302556659501697;0,339155173231798;0,570725591542204;0,333328081723879;0,140457001581205;0,287577552319099;0,286767314675953;0,166154116470719;0,3118947354044;0,271486823171963;0,147557368317744;0,242220027168817;0,255997158346233;0,150121852424757;0,227492388606542;0,261845589992313;0,146919128864274;0,203813032683971;0,375332057623565;0,204211656156406;0,240023967006199;0,198275631493642;0,255160305081353;0,467802375348261;0,256957617253257;0,287346971469028;0,300235586498808;0,255334694775116;0,292116129999761;0,266808755387179;0,256125904503119;0,304601683816014;0,196428677575826;0,251654129532383;0,69412356703787;0,800456847762961;0,337511498070401;0,36263197961149;0,487719121831605;0,3136736532247;0,234983115495252;0,420735347821588;0,560054007362802;0,220483178399927
"F3A17";0,732007901953085;0,387421719579878;0,478115188851335;0,759113538784143;0,383348837786604;0,492513577320804;0,774438866089829;0,690732261084268;0,471301199154955;0,796890209385221;0,576125190246521;0,495130727348967;0,342441954133194;0,520901695444417;0,401656750281865;0,191771280231796;0,488487308630802;0,42881200034782;0;0,409665079306442;0,459905579710398;0,260099206664916;0,415861866920345;0,383295593551709;0,414162270483035;0,457309767491033;0,459546998739833;0,431483921546793;0,441703876842813;0,447674251147172;0,412979276778356;0,428794477121755;0,467131347211069;0,382877164949822;0,425654239736995;0,427376688584967;0,382695414942934;0,455174169064646;0,363184762037183;0,386954172420298;0,380053451649367;0,438404369495159;0,534453406803237;0,461568297282221;0,455061374987359;0,449978098451251;0,451447845914581;0,446699828747462;0,447947121963821;0,425552461390575;0,453291550391511;0,396486830431071;0,451665384357335;0,70890325492351;0,866687899267072;0,472880614337532;0,57308339717851;0,666775820112987;0,578404034635708;0,39926698785055;0,528656105311081;0,626664791297332;0,403742301336351
"F3F18";0,862793928219442;0,242071248201674;0,324998235357009;0,867121744482611;0,341397821165509;0,341959834054367;0,83418856218209;0,686900864994734;0,38583060558371;0,865642538323629;0,576928765785286;0,391441870931917;0,383012488064283;0,443283879381186;0,301272658038778;0,31665228218729;0,241170977751533;0,302556659501697;0,409665079306442;0;0,408674904769279;0,546480610297359;0,126707424792205;0,25941562788615;0,415082295576959;0,372055607487694;0,337762717350273;0,411438003343261;0,359024505460218;0,328644289264547;0,351620714196545;0,376385889306302;0,322519095867464;0,315592259438495;0,383937305543996;0,319532050802585;0,304558095023834;0,3812532734588;0,277394440176931;0,280440498915651;0,303170607412859;0,422281239279705;0,526244935744928;0,421144126448571;0,370570677589486;0,362016960230231;0,431818163703922;0,41873637490431;0,400844748680937;0,421246185905638;0,421355568918511;0,347848890158993;0,446020112395489;0,599991441881552;0,748594919930874;0,359087639079896;0,451294784451041;0,47707887810259;0,370548802138902;0,346440700758586;0,423696611361618;0,517106160389376;0,396031852525164
"F3A18";0,935048868257018;0,403520475164092;0,372327335041715;0,839462690144053;0,51119524957587;0,317523891985942;0,798944091123288;0,782614312659103;0,425226616633138;0,851545698711002;0,688100197489417;0,465298774574303;0,548085122692177;0,516613005032321;0,170192984089464;0,42091194418927;0,408625657035884;0,339155173231798;0,459905579710398;0,408674904769279;0;0,481490662567762;0,464122593857529;0,319908978674064;0,471911065134166;0,493259960990665;0,43488848810028;0,509743720962111;0,455365502355882;0,42307365858404;0,451635633426411;0,471773854866526;0,41390730945882;0,456108904439731;0,46792346518727;0,361469992994244;0,355753733828713;0,285608835920721;0,359889772188611;0,404924651967136;0,379878404295685;0,498131320006612;0,489116856312405;0,414404201773229;0,521939457283583;0,381892980529142;0,502773729359469;0,545750521036271;0,418631971952003;0,452257679563905;0,518978130770064;0,443809676986982;0,466396772250399;0,756900390552901;0,82251482593166;0,552871651210373;0,515308368027939;0,66692028953263;0,456385378404822;0,433064515861339;0,565503792837453;0,559975599824933;0,44021178546262
"F4A17";0,743379471311836;0,499951586675042;0,626229088440368;0,695918107766757;0,485550803871042;0,610475525107825;0,77117177645904;0,715361899484451;0,5950851262723;0,803963254571104;0,620145790774083;0,601772416245543;0,431329956660265;0,580451485313689;0,483417947395943;0,360352859763273;0,607994608771653;0,570725591542204;0,260099206664916;0,546480610297359;0,481490662567762;0;0,554297534151831;0,527427779289172;0,553123560611503;0,626815710361272;0,635045678294892;0,585528481512176;0,602778448434522;0,620949622782717;0,560296506949216;0,591753210951134;0,62191128425616;0,538337127816238;0,586360439561251;0,590100381992002;0,53681083030906;0,481288050863984;0,536289760570656;0,559606200245502;0,546646898671707;0,588008080567732;0,555166915835699;0,580428363488118;0,586099803197897;0,52510403447763;0,599478791325777;0,596526512150881;0,528797748638015;0,576107001049637;0,599099720051016;0,541543570155151;0,575354331226967;0,798753006732252;0,922444477125687;0,680700821969185;0,700916253839309;0,788394849873104;0,718513345885417;0,578771744624506;0,659837101616956;0,701647731525723;0,558125311673946
"F4F18";0,869153146449115;0,263859100488871;0,352134110565191;0,87693226590116;0,370547087650428;0,374028258061056;0,886855722397384;0,690909698355322;0,431991274743154;0,88198340578333;0,630998432151638;0,43636426585188;0,380462024291871;0,467691604529038;0,334257888329404;0,327331899127512;0,278030633648092;0,333328081723879;0,415861866920345;0,126707424792205;0,464122593857529;0,554297534151831;0;0,285260981261148;0,404155985529976;0,338546066031006;0,364750533490078;0,396779745919144;0,36271045628536;0,351044784284006;0,331179483442257;0,384682832229447;0,35275890084275;0,29937774030936;0,383380464725959;0,346794336694265;0,326067789664642;0,451323017952604;0,310583724241165;0,310300716006944;0,325592083305355;0,397103320649006;0,523708500102836;0,459573641462917;0,34190331333344;0,368996935425069;0,39223680348656;0,376245965126156;0,401718931610367;0,424636543858955;0,404417914345114;0,354918710410707;0,426373029174055;0,619347356661308;0,754558041766584;0,334971268968642;0,488866907614724;0,454843074422439;0,422824646301339;0,333342993310383;0,396183863720555;0,539645199009228;0,364912060758462
"F4A18";0,897934565003073;0,300487282067998;0,22159936316488;0,892390061191837;0,441489298767517;0,265004826396868;0,845259132334823;0,763441170155825;0,313220844433299;0,88945534688871;0,67427800899773;0,341960903629843;0,442144100056805;0,488388093360266;0,187407067487133;0,288281011696719;0,320240244556563;0,140457001581205;0,383295593551709;0,25941562788615;0,319908978674064;0,527427779289172;0,285260981261148;0;0,361111322778849;0,349099092370427;0,264421520209406;0,382257327374809;0,307099835543833;0,237429663319722;0,311587305187581;0,309877336327867;0,224476537135924;0,286518464247698;0,31715029814276;0,18013228743073;0,186777775064837;0,353841681190842;0,182975554906337;0,204176166009906;0,192790174582402;0,327918155234677;0,439472725969153;0,292723973112637;0,31812555026578;0,308023424482694;0,299679727880936;0,328589865995263;0,310076204681438;0,29602986323314;0,370606204865272;0,248922190541492;0,317442092119895;0,681008155381807;0,781765995419431;0,31766104202506;0,393438871805145;0,494521213833412;0,322416615599449;0,209499717349927;0,407556292804949;0,526124590248512;0,264955773870298
"H1A17";0,761084262620415;0,344863859013909;0,392556367456494;0,85184237925871;0,488640804600259;0,43071479966305;0,847708881347777;0,689709506381036;0,498288073403923;0,830303693000981;0,650360547891563;0,527887770791177;0,429023659467742;0,569578902006733;0,413545503673075;0,375150538617024;0,452228832679488;0,287577552319099;0,414162270483035;0,415082295576959;0,471911065134166;0,553123560611503;0,404155985529976;0,361111322778849;0;0,24543017325895;0,280018083401031;0,135426651023557;0,261374154780062;0,264834657569935;0,165975550161413;0,263081804588646;0,269535292455301;0,187496330146784;0,236697535627128;0,341572831631658;0,377218282490352;0,456774581782445;0,386934296493483;0,390290974178946;0,372829424977527;0,270996035582524;0,435547096465949;0,367157259238661;0,324546982751277;0,310218136459346;0,294110870633538;0,307384019217844;0,259508797731739;0,327018294874824;0,283973955760658;0,281258940524434;0,277286178138704;0,708296828085133;0,836418364778819;0,388378864585916;0,39585115754316;0,497177139725616;0,425782853595518;0,339437015151846;0,452886756154662;0,589451816534517;0,269768044772564
"H1F18";0,877979024411961;0,308007916643944;0,379503606397829;0,934478184674154;0,530139008358107;0,41640113079513;0,924653632027534;0,790379798255246;0,509754909645314;0,875687071396774;0,718372110657822;0,496765685191605;0,449971914110552;0,59983036770215;0,407271622844147;0,424830618960777;0,403436502174646;0,286767314675953;0,457309767491033;0,372055607487694;0,493259960990665;0,626815710361272;0,338546066031006;0,349099092370427;0,24543017325895;0;0,206469101175455;0,190489766947414;0,109390553935114;0,231517867579481;0,208825232042996;0,131514639615405;0,230614212231326;0,208131633519839;0,11353765375055;0,315575992900299;0,272932826836307;0,548042785895525;0,277356181427219;0,297740383528467;0,27174701471338;0,17372493792089;0,495142302703835;0,33718912068402;0,223136606707558;0,292435065971344;0,25375380184855;0,208883724735823;0,258314252902006;0,312096661663068;0,169526790531458;0,208213089932224;0,267690172683732;0,661096275577044;0,808113846321971;0,320765986911265;0,404912175299019;0,475368356772272;0,430651443867997;0,291347045572688;0,421609706790851;0,610493827305905;0,205189558558956
"H1A18";0,92984197385797;0,360749506921917;0,22312813830715;0,930744589906072;0,533422494307433;0,27083584195748;0,953154721594673;0,848933872106199;0,382711535380809;0,906232735087058;0,754693328747478;0,368551986753757;0,455419259383856;0,598564506367724;0,336212884085683;0,399619094512568;0,406367905605212;0,166154116470719;0,459546998739833;0,337762717350273;0,43488848810028;0,635045678294892;0,364750533490078;0,264421520209406;0,280018083401031;0,206469101175455;0;0,235825223336309;0,184807563798305;0,0674170802746546;0,217740651995384;0,215424387964519;0,0936365558424066;0,192458424415057;0,219504523621984;0,168992130279326;0,253248777329809;0,457379912669898;0,272822086150118;0,277921668128897;0,259384939423347;0,246228469654959;0,489167195088503;0,303975113112768;0,279498881971395;0,320543800704203;0,284120493164876;0,269880218997371;0,273718851342569;0,256118043226011;0,245111696661243;0,217469164665522;0,284804901342103;0,686303704003312;0,798152488378908;0,333333678500483;0,374952962613187;0,484322039338194;0,363145638372086;0,259816622455719;0,443821896698257;0,574699149639112;0,210283917476911
"H2A17";0,780949895230456;0,348375608990867;0,374452748258438;0,868653310063441;0,50139709380655;0,434205855906003;0,904231361037814;0,717231559873626;0,509747893094297;0,853258253665228;0,683401021376855;0,514758309474417;0,428979816975831;0,611704282894882;0,44862834817521;0,39941555198628;0,452782844661742;0,3118947354044;0,431483921546793;0,411438003343261;0,509743720962111;0,585528481512176;0,396779745919144;0,382257327374809;0,135426651023557;0,190489766947414;0,235825223336309;0;0,211735449078936;0,247345149662735;0,123093033407225;0,22237900288572;0,265575690449799;0,156888907287419;0,217331933718882;0,345001474659403;0,376286434823063;0,516397830240534;0,393765895556525;0,388772474673188;0,371321359675217;0,240540904166415;0,498106878731105;0,356057414416288;0,277499730451069;0,346990075263742;0,281786891715966;0,267001689845063;0,302211168988483;0,328191304142934;0,219766202775021;0,257256405994594;0,273718660114715;0,674496694065917;0,815767383108995;0,354149463642243;0,402158070058798;0,467738004932376;0,425345319178989;0,346839489656588;0,428805263823405;0,627281406205787;0,266271364387819
"H2F18";0,878420677340733;0,313091736722263;0,35095001666621;0,924451562467307;0,516352591114377;0,386922312616398;0,932227167278362;0,815197585252136;0,478997173197123;0,8959612870258;0,708245587211393;0,483424960686801;0,447547026206173;0,587235098661408;0,370681354326231;0,418624273723931;0,409014037255492;0,271486823171963;0,441703876842813;0,359024505460218;0,455365502355882;0,602778448434522;0,36271045628536;0,307099835543833;0,261374154780062;0,109390553935114;0,184807563798305;0,211735449078936;0;0,20335725962916;0,215513107484193;0,115825531187348;0,204980037604547;0,202792243752752;0,138766038536305;0,284132397777835;0,25713695360132;0,505618271189908;0,256931567509697;0,256513889770723;0,24222793131202;0,193744215530724;0,495741821042689;0,284363873732588;0,225115435672237;0,29110336042403;0,236036448735258;0,227238726531942;0,275245883838483;0,282465398445773;0,186728812623212;0,205605344194035;0,24424712331256;0,654891354050852;0,811848209549756;0,363328642163159;0,389176494762712;0,497191753473168;0,428854269324893;0,281202033159753;0,434349067747384;0,593500901319161;0,207798237980261
"H2A18";0,922533347766801;0,337458423061474;0,202979086409714;0,935852401969109;0,517505174513505;0,250492538433773;0,934748714989514;0,837916340872474;0,350963704116705;0,898467775240252;0,747468245156926;0,365568640414305;0,457809887774984;0,578166478544624;0,313605093876424;0,379840868919616;0,408587573804823;0,147557368317744;0,447674251147172;0,328644289264547;0,42307365858404;0,620949622782717;0,351044784284006;0,237429663319722;0,264834657569935;0,231517867579481;0,0674170802746546;0,247345149662735;0,20335725962916;0;0,203506843151484;0,226956426587844;0,0866534190957236;0,183757490726749;0,230755720805395;0,149746216752694;0,252380624656636;0,445474544485814;0,266823499575522;0,270102736498903;0,259163788412715;0,248680683318083;0,485287794649573;0,306157835219009;0,286955166896984;0,316785138910502;0,275756263983798;0,280195172050663;0,27437262734314;0,250246902992427;0,264071241624377;0,209402334540763;0,278222639435699;0,687004171040866;0,797890679734116;0,338820632264746;0,375924149554752;0,484672032480249;0,367272997282915;0,246616167414011;0,433970860701133;0,58040165492373;0,206061469832091
"H3A17";0,828521149672967;0,320983762155742;0,33050889893567;0,908799958250257;0,486539702299619;0,392015240966199;0,902059099730714;0,745583301256339;0,454328397028693;0,872975833158159;0,695993832368573;0,480884853636834;0,40592549392547;0,592875876037286;0,373776158506875;0,352621425969216;0,417785602370683;0,242220027168817;0,412979276778356;0,351620714196545;0,451635633426411;0,560296506949216;0,331179483442257;0,311587305187581;0,165975550161413;0,208825232042996;0,217740651995384;0,123093033407225;0,215513107484193;0,203506843151484;0;0,217381266559947;0,208218091142911;0,110452016935817;0,197130735454884;0,284190854041898;0,323617992718424;0,469573961914283;0,319563822160107;0,318559110902527;0,317347050446142;0,211353060937332;0,470038652739664;0,31918306028403;0,249055803274122;0,315178139472449;0,24352983182514;0,242618995333115;0,264704422416648;0,288209466755492;0,231363909612735;0,219972172596292;0,258401926902252;0,683246808704786;0,802235453146519;0,33297433966022;0,385411081224711;0,494662665758899;0,400497401651639;0,277767671667968;0,391406930182095;0,615829117691999;0,241276374096768
"H3F18";0,860856113293444;0,302811096807244;0,369577807666186;0,925918360074885;0,515997409060143;0,409714005477192;0,903104586897058;0,795004131069429;0,498720774040661;0,893729011472292;0,695987486823209;0,501439393109476;0,442454908570073;0,587147639357211;0,379621701373546;0,393351993778066;0,397309019099663;0,255997158346233;0,428794477121755;0,376385889306302;0,471773854866526;0,591753210951134;0,384682832229447;0,309877336327867;0,263081804588646;0,131514639615405;0,215424387964519;0,22237900288572;0,115825531187348;0,226956426587844;0,217381266559947;0;0,226226084865774;0,220437760182211;0,0622814828726895;0,307255401553262;0,24010630384231;0,51203349791949;0,247974594457717;0,247547925082013;0,211416182773212;0,182586140564041;0,492020587915167;0,29104864798603;0,21048256431028;0,300702911721741;0,24505537603657;0,210144709001153;0,272124080855552;0,2938993955169;0,202488769461564;0,210486869019756;0,249844729911634;0,656332060504295;0,796350459148558;0,347345179354965;0,397668716245362;0,491894170106333;0,41637836801044;0,294630011710734;0,428361878026374;0,613940136508905;0,225918542839065
"H3A18";0,926582453462662;0,325671946454506;0,223688934624887;0,942704393390683;0,499313682106449;0,266423658374493;0,929471558701603;0,830582141447459;0,36623681273126;0,897371692496511;0,73187862122246;0,389823224361837;0,457563735911519;0,557716213283306;0,301044732786636;0,388489025892904;0,377979891686587;0,150121852424757;0,467131347211069;0,322519095867464;0,41390730945882;0,62191128425616;0,35275890084275;0,224476537135924;0,269535292455301;0,230614212231326;0,0936365558424066;0,265575690449799;0,204980037604547;0,0866534190957236;0,208218091142911;0,226226084865774;0;0,204469784044023;0,226135323338752;0,175399599557564;0,241589876431916;0,431666567237746;0,262339662053275;0,262226435545856;0,250030092451168;0,270774411853036;0,480952342438735;0,30991144059998;0,289603857924088;0,301986169370176;0,29389231614972;0,277456530125078;0,262567099639845;0,271190910661042;0,292477173842728;0,210824829658963;0,285467119455969;0,694567431205923;0,789392934975584;0,343640344673733;0,36695300544412;0,486824794986819;0,336214653696719;0,266990392502417;0,439994824233771;0,558486847221737;0,221511881520822
"H4A17";0,829304584898451;0,306839348050136;0,304534936830841;0,867180595910416;0,469586493019739;0,357045204717067;0,871900993791326;0,752828078710139;0,430288958001355;0,879609318658974;0,691217934654705;0,435682041181887;0,381668910764858;0,58768818884988;0,357411421750798;0,321730962685303;0,404043482519613;0,227492388606542;0,382877164949822;0,315592259438495;0,456108904439731;0,538337127816238;0,29937774030936;0,286518464247698;0,187496330146784;0,208131633519839;0,192458424415057;0,156888907287419;0,202792243752752;0,183757490726749;0,110452016935817;0,220437760182211;0,204469784044023;0;0,210870663025145;0,24701981664728;0,296561255667838;0,464305292263944;0,293716676791378;0,293005124529983;0,295985554980232;0,239623303946052;0,4857817827813;0,362805655941488;0,245337304821981;0,322780575626926;0,269477439334189;0,252317502887099;0,293415921649206;0,311313476197687;0,230789060328826;0,214770912066999;0,283974048996129;0,682743562024049;0,808360795970374;0,325582325000332;0,401626707390932;0,463410765191176;0,409439997984413;0,274863946585985;0,394995855643261;0,587587942824644;0,235291341220441
"H4F18";0,847389832615959;0,310812961225476;0,388567730545127;0,926864344911616;0,523994461793158;0,433424858942321;0,889759583140426;0,79599889755818;0,502388653363447;0,878888564816391;0,703941903681912;0,515046186096957;0,445603659898278;0,586465771429343;0,382652278338827;0,388597052213077;0,405369105782204;0,261845589992313;0,425654239736995;0,383937305543996;0,46792346518727;0,586360439561251;0,383380464725959;0,31715029814276;0,236697535627128;0,11353765375055;0,219504523621984;0,217331933718882;0,138766038536305;0,230755720805395;0,197130735454884;0,0622814828726895;0,226135323338752;0,210870663025145;0;0,306998780910921;0,247243453309961;0,517218056104263;0,255204502507223;0,256828040905397;0,227105161429245;0,180593116339961;0,486720560037617;0,306683385586065;0,224235475341337;0,299856544289201;0,239989081326415;0,217117800620269;0,255694524828117;0,297288603150271;0,200529465262432;0,215517713731876;0,253986738031999;0,668670016659021;0,801023800950576;0,339251921138291;0,393597977044225;0,489281275750848;0,409702552079325;0,297656495336545;0,431445616175872;0,619038025754533;0,216386964668369
"H4A18";0,912230701563979;0,323749640952785;0,12651155979775;0,917799878138396;0,499751926058878;0,178486487063277;0,901637178463713;0,824298458337954;0,25217004947424;0,890141883582766;0,721479137951661;0,281568527549528;0,471944524303089;0,533792607728385;0,248000079994052;0,36188746429951;0,351517410283868;0,146919128864274;0,427376688584967;0,319532050802585;0,361469992994244;0,590100381992002;0,346794336694265;0,18013228743073;0,341572831631658;0,315575992900299;0,168992130279326;0,345001474659403;0,284132397777835;0,149746216752694;0,284190854041898;0,307255401553262;0,175399599557564;0,24701981664728;0,306998780910921;0;0,199700035563657;0,412874430338848;0,222223375614778;0,263248006450078;0,230415638995114;0,30666442233385;0,493450576695966;0,311327873576625;0,334991066123023;0,335036040854789;0,324383150506156;0,328210884881976;0,311430180547404;0,280907275351905;0,32864737005547;0,257857427611265;0,327846679709651;0,698781378386419;0,801590370778187;0,351956788040106;0,396150698739352;0,496932519032301;0,351756027183735;0,253751142369275;0,44104008323995;0,534585212943495;0,237908586370331
"P1F18";0,889255870226696;0,270861159847077;0,261327869918421;0,900436469658847;0,468492508600204;0,298248810708038;0,877702202645752;0,79888501874254;0,355903862207897;0,882977599010501;0,681521635906804;0,385068826259535;0,470037163493599;0,53242137656017;0,25891649823291;0,331327715910813;0,35195873188582;0,203813032683971;0,382695414942934;0,304558095023834;0,355753733828713;0,53681083030906;0,326067789664642;0,186777775064837;0,377218282490352;0,272932826836307;0,253248777329809;0,376286434823063;0,25713695360132;0,252380624656636;0,323617992718424;0,24010630384231;0,241589876431916;0,296561255667838;0,247243453309961;0,199700035563657;0;0,412910462359096;0,0923294482642823;0,150839936613257;0,0868718323135451;0,265558543622161;0,452088559997587;0,264527701432851;0,278665293331272;0,259815670324409;0,302742031875967;0,292341155695427;0,273791298761549;0,282608327362118;0,307507152215062;0,224915248759122;0,312885043844477;0,646587337379765;0,821349769450266;0,353004087541077;0,412029635775644;0,513983885912568;0,358088485297347;0,249848944834924;0,435457556719923;0,5512046296309;0,247386746087655
"P1A18";0,860639017573209;0,425635414023707;0,43712988722712;0,807702041691494;0,462994014957503;0,41961242331507;0,738494880854417;0,699913573992325;0,406145765556205;0,777547707670175;0,611860146403004;0,434415797874568;0,505844728782166;0,504146696169105;0,301642920127624;0,412648073239374;0,433868185625048;0,375332057623565;0,455174169064646;0,3812532734588;0,285608835920721;0,481288050863984;0,451323017952604;0,353841681190842;0,456774581782445;0,548042785895525;0,457379912669898;0,516397830240534;0,505618271189908;0,445474544485814;0,469573961914283;0,51203349791949;0,431666567237746;0,464305292263944;0,517218056104263;0,412874430338848;0,412910462359096;0;0,397504232672914;0,432929975896354;0,425734647270113;0,536569584966824;0,465913537235868;0,465611065418472;0,535847078842812;0,388175816471226;0,536477955281994;0,58078571620848;0,436633939531387;0,44456563980686;0,583706647868021;0,458307087988534;0,492162729942142;0,678356193352183;0,831501985291628;0,535709471911699;0,516931209424527;0,585362381573815;0,482942101785969;0,430405808097271;0,504831054685229;0,582645967346591;0,47046876648956
"P2F18";0,876927915068565;0,279648237270908;0,285907474804565;0,901646690826685;0,447516398429948;0,319574459506302;0,856211632585095;0,784782450013933;0,364869307276521;0,875511818063669;0,650556837873297;0,383316405790286;0,447385452274465;0,545881220410998;0,250373256089825;0,310334463429821;0,339336142518661;0,204211656156406;0,363184762037183;0,277394440176931;0,359889772188611;0,536289760570656;0,310583724241165;0,182975554906337;0,386934296493483;0,277356181427219;0,272822086150118;0,393765895556525;0,256931567509697;0,266823499575522;0,319563822160107;0,247974594457717;0,262339662053275;0,293716676791378;0,255204502507223;0,222223375614778;0,0923294482642823;0,397504232672914;0;0,112149201168173;0,0823617807768897;0,279830624305615;0,44933550772193;0,264967854709593;0,281959755853227;0,278526429099445;0,296172225473165;0,316941338210505;0,294433976752727;0,283843980034862;0,322522485639578;0,234634903268566;0,311491634376081;0,625497018469622;0,812128917761557;0,327927425094031;0,393668134656978;0,495396800232309;0,331789821730723;0,217478744187236;0,412336264657732;0,57487430296643;0,268413584444456
"P3F18";0,870344624927867;0,317458209741516;0,308386949040617;0,904995672653348;0,470329677473169;0,343762310665876;0,873307654615695;0,788517722091462;0,39513398384762;0,898736575642452;0,668823635487158;0,412263365030406;0,429891870775931;0,551263558122587;0,283139823112201;0,306362050057934;0,36119104257765;0,240023967006199;0,386954172420298;0,280440498915651;0,404924651967136;0,559606200245502;0,310300716006944;0,204176166009906;0,390290974178946;0,297740383528467;0,277921668128897;0,388772474673188;0,256513889770723;0,270102736498903;0,318559110902527;0,247547925082013;0,262226435545856;0,293005124529983;0,256828040905397;0,263248006450078;0,150839936613257;0,432929975896354;0,112149201168173;0;0,116762146722044;0,291759994756229;0,47020454290359;0,268386878802813;0,294052244032819;0,28936294507937;0,29752319527919;0,324973952602662;0,337403040169045;0,309260200040219;0,336865816847399;0,254370774523353;0,340513370624398;0,615047605504032;0,804834453242149;0,332225440364155;0,411324595120648;0,501117459739043;0,366050786809054;0,251819805809389;0,401743487750603;0,596898685359688;0,28980591953621
"P4F18";0,861408160254478;0,267654432235816;0,286268251928917;0,902649505147472;0,470014567634186;0,327052617742305;0,869221186880999;0,794778860939964;0,379436180875599;0,89107182860945;0,681362922341212;0,39081708763951;0,456002972154171;0,542699519288379;0,278663418735349;0,323565893067955;0,35762808730792;0,198275631493642;0,380053451649367;0,303170607412859;0,379878404295685;0,546646898671707;0,325592083305355;0,192790174582402;0,372829424977527;0,27174701471338;0,259384939423347;0,371321359675217;0,24222793131202;0,259163788412715;0,317347050446142;0,211416182773212;0,250030092451168;0,295985554980232;0,227105161429245;0,230415638995114;0,0868718323135451;0,425734647270113;0,0823617807768897;0,116762146722044;0;0,264713060654451;0,471450577554639;0,281534325266382;0,268335020587426;0,313802143018063;0,293899266961564;0,291513324307895;0,313829440201306;0,296736038383419;0,299662080955885;0,250161586027411;0,310519668156753;0,63690708379824;0,819195970241577;0,328731467225303;0,427737217491411;0,505463000257289;0,367927270531268;0,243281626975344;0,42109739148961;0,586030693385313;0,247271597269151
"L1A17";0,87510343988475;0,39025396153501;0,373257603624203;0,930082292377294;0,574584442802614;0,44663800628774;0,895290417235986;0,830275764908201;0,49411309892553;0,878208263872533;0,77859946604346;0,502965560927588;0,430389609512323;0,601164841405461;0,399696419910566;0,401429032878728;0,44656474119573;0,255160305081353;0,438404369495159;0,422281239279705;0,498131320006612;0,588008080567732;0,397103320649006;0,327918155234677;0,270996035582524;0,17372493792089;0,246228469654959;0,240540904166415;0,193744215530724;0,248680683318083;0,211353060937332;0,182586140564041;0,270774411853036;0,239623303946052;0,180593116339961;0,30666442233385;0,265558543622161;0,536569584966824;0,279830624305615;0,291759994756229;0,264713060654451;0;0,431891644663834;0,220952618747229;0,120627445105762;0,284039573238868;0,130733760606172;0,110541096531384;0,245718789753946;0,204513830155773;0,097933158745699;0,179202120481877;0,149550168133804;0,620804156374254;0,805419802449571;0,327274801725477;0,38074006190886;0,455671029712193;0,43503505467507;0,269676272815098;0,377643158138409;0,625449153630701;0,154089339174619
"L1F18";0,919340236855494;0,560328216816453;0,511670289550947;0,89153170974036;0,611927053048316;0,529706485468685;0,890853198548587;0,885831485789671;0,623929172262083;0,826181112002426;0,854489308031884;0,644436105099559;0,574682483312084;0,589267737038079;0,443626402429999;0,545618261016911;0,505425486258616;0,467802375348261;0,534453406803237;0,526244935744928;0,489116856312405;0,555166915835699;0,523708500102836;0,439472725969153;0,435547096465949;0,495142302703835;0,489167195088503;0,498106878731105;0,495741821042689;0,485287794649573;0,470038652739664;0,492020587915167;0,480952342438735;0,4857817827813;0,486720560037617;0,493450576695966;0,452088559997587;0,465913537235868;0,44933550772193;0,47020454290359;0,471450577554639;0,431891644663834;0;0,433329296205383;0,460661815439427;0,364301476019248;0,437080815479921;0,472288705201801;0,360888417982693;0,446326685185673;0,47334485301342;0,414005315084834;0,414551667272626;0,656475631809649;0,823007640776713;0,501214768705384;0,454972350208156;0,49227071828683;0,496957804227622;0,431122501572553;0,52954938533538;0,503408696220658;0,451627870132494
"L1A18";0,930372337953397;0,413686671149152;0,366052954410351;0,9084913242472;0,580519759195803;0,418809453770489;0,892338305472949;0,845144943132503;0,488165236599333;0,873844297802508;0,736879071753024;0,508754193482094;0,51227379572206;0,611019221630554;0,333422426264272;0,429025371727504;0,435085221231703;0,256957617253257;0,461568297282221;0,421144126448571;0,414404201773229;0,580428363488118;0,459573641462917;0,292723973112637;0,367157259238661;0,33718912068402;0,303975113112768;0,356057414416288;0,284363873732588;0,306157835219009;0,31918306028403;0,29104864798603;0,30991144059998;0,362805655941488;0,306683385586065;0,311327873576625;0,264527701432851;0,465611065418472;0,264967854709593;0,268386878802813;0,281534325266382;0,220952618747229;0,433329296205383;0;0,248964281095626;0,252904682312916;0,198933442281642;0,251705073506225;0,266894069462345;0,162643295711103;0,257394027449758;0,248035759113149;0,196930424500438;0,663873254150207;0,805318867575971;0,401969880663388;0,355587544507291;0,518890709319515;0,383106804599669;0,326377154150706;0,45024784261718;0,584259770929783;0,275243428601122
"L2A17";0,888244765470453;0,368696014771817;0,368080748939605;0,907005895723313;0,52732491533132;0,445905509463142;0,943686759458376;0,793582381658449;0,487241671056677;0,913465383160202;0,746242317952382;0,483259429078282;0,402953986582948;0,61836697270638;0,397745748514091;0,395274791147063;0,421126380580652;0,287346971469028;0,455061374987359;0,370570677589486;0,521939457283583;0,586099803197897;0,34190331333344;0,31812555026578;0,324546982751277;0,223136606707558;0,279498881971395;0,277499730451069;0,225115435672237;0,286955166896984;0,249055803274122;0,21048256431028;0,289603857924088;0,245337304821981;0,224235475341337;0,334991066123023;0,278665293331272;0,535847078842812;0,281959755853227;0,294052244032819;0,268335020587426;0,120627445105762;0,460661815439427;0,248964281095626;0;0,338584114770977;0,179118799790172;0,12181907797591;0,303795796588102;0,252413579428448;0,124260249114216;0,25169220391306;0,202624042404124;0,603393817728351;0,79336808644656;0,289392295375452;0,426883294004408;0,43672826632863;0,459122047154205;0,313672419046587;0,381068155028823;0,599868049990226;0,211655257143378
"L2F18";0,889335446667982;0,339610680286829;0,371082398573588;0,879921902450848;0,490548713546352;0,393251507406505;0,846065510974016;0,795928544771544;0,49719851839631;0,836248258149894;0,685457815011108;0,516306674116287;0,503810442711607;0,5528626095878;0,312423288235117;0,409969843100963;0,414204706003622;0,300235586498808;0,449978098451251;0,362016960230231;0,381892980529142;0,52510403447763;0,368996935425069;0,308023424482694;0,310218136459346;0,292435065971344;0,320543800704203;0,346990075263742;0,29110336042403;0,316785138910502;0,315178139472449;0,300702911721741;0,301986169370176;0,322780575626926;0,299856544289201;0,335036040854789;0,259815670324409;0,388175816471226;0,278526429099445;0,28936294507937;0,313802143018063;0,284039573238868;0,364301476019248;0,252904682312916;0,338584114770977;0;0,284474736025507;0,335537320472267;0,166745540967609;0,293018434257532;0,346117802005844;0,186960201957383;0,271629450367713;0,670826949991717;0,771478184986178;0,396452932226315;0,32196499713942;0,535865229323166;0,360340401936407;0,29852844008492;0,472637885176956;0,528297239530428;0,295864946544575
"L2A18";0,895646870279146;0,406626169484069;0,387690363500031;0,927084831286433;0,580563634640395;0,46335347587437;0,887249796880001;0,827884306905323;0,516910431031809;0,883903082605681;0,775206492941306;0,515552436972027;0,46598784193447;0,612421839136869;0,397150772757673;0,395239719413714;0,451141405085524;0,255334694775116;0,451447845914581;0,431818163703922;0,502773729359469;0,599478791325777;0,39223680348656;0,299679727880936;0,294110870633538;0,25375380184855;0,284120493164876;0,281786891715966;0,236036448735258;0,275756263983798;0,24352983182514;0,24505537603657;0,29389231614972;0,269477439334189;0,239989081326415;0,324383150506156;0,302742031875967;0,536477955281994;0,296172225473165;0,29752319527919;0,293899266961564;0,130733760606172;0,437080815479921;0,198933442281642;0,179118799790172;0,284474736025507;0;0,148149039601169;0,255283552667373;0,162268362556149;0,17620185006742;0,212611249479803;0,129286280797888;0,636100954995853;0,788765021519811;0,33742008900036;0,33910878804824;0,447430736309802;0,395940968084903;0,264744034383716;0,420537035260009;0,583273114450871;0,177099418423658
"L3A17";0,879474401339823;0,373901701318735;0,386348195586267;0,927699696808011;0,542580977327261;0,454252663035958;0,944646319580977;0,807823747289201;0,509077284019597;0,900103673545307;0,746733346770853;0,494540052750032;0,416642503671962;0,611530907506702;0,44463671967214;0,405092785872896;0,421914735106744;0,292116129999761;0,446699828747462;0,41873637490431;0,545750521036271;0,596526512150881;0,376245965126156;0,328589865995263;0,307384019217844;0,208883724735823;0,269880218997371;0,267001689845063;0,227238726531942;0,280195172050663;0,242618995333115;0,210144709001153;0,277456530125078;0,252317502887099;0,217117800620269;0,328210884881976;0,292341155695427;0,58078571620848;0,316941338210505;0,324973952602662;0,291513324307895;0,110541096531384;0,472288705201801;0,251705073506225;0,12181907797591;0,335537320472267;0,148149039601169;0;0,280574179326506;0,232180517711734;0,119661683075294;0,234911509799882;0,180213811287235;0,677184958104064;0,793359901799227;0,284283978932245;0,427826067384118;0,449443393050515;0,46685754850281;0,313642144029968;0,407162302641797;0,631765795236454;0,186247848157053
"L3F18";0,882624994922724;0,373933611260851;0,373528341394894;0,909368492880766;0,540724384390974;0,382131195401421;0,843473214841148;0,790620872812325;0,495927407367597;0,838085154047526;0,737475305639679;0,521013693154606;0,497448317006061;0,571639545094184;0,334856365205277;0,410738042092891;0,418920051382297;0,266808755387179;0,447947121963821;0,400844748680937;0,418631971952003;0,528797748638015;0,401718931610367;0,310076204681438;0,259508797731739;0,258314252902006;0,273718851342569;0,302211168988483;0,275245883838483;0,27437262734314;0,264704422416648;0,272124080855552;0,262567099639845;0,293415921649206;0,255694524828117;0,311430180547404;0,273791298761549;0,436633939531387;0,294433976752727;0,337403040169045;0,313829440201306;0,245718789753946;0,360888417982693;0,266894069462345;0,303795796588102;0,166745540967609;0,255283552667373;0,280574179326506;0;0,270597554918248;0,282306262300507;0,18233251606559;0,218703902226431;0,660626500886257;0,77325519199224;0,371417924408013;0,327908997037147;0,496987604654863;0,390455290498866;0,279830560703429;0,475739744626476;0,538022357721819;0,243440947586582
"L3A18";0,877626227901357;0,411396951789731;0,356100764151105;0,900061859215823;0,555953999059937;0,406826507305904;0,880759597819763;0,805673360079269;0,435411737425406;0,863985807068965;0,736129145869267;0,457896422872182;0,471976541047133;0,611791169462906;0,350243120608472;0,414097839837386;0,468494861893695;0,256125904503119;0,425552461390575;0,421246185905638;0,452257679563905;0,576107001049637;0,424636543858955;0,29602986323314;0,327018294874824;0,312096661663068;0,256118043226011;0,328191304142934;0,282465398445773;0,250246902992427;0,288209466755492;0,2938993955169;0,271190910661042;0,311313476197687;0,297288603150271;0,280907275351905;0,282608327362118;0,44456563980686;0,283843980034862;0,309260200040219;0,296736038383419;0,204513830155773;0,446326685185673;0,162643295711103;0,252413579428448;0,293018434257532;0,162268362556149;0,232180517711734;0,270597554918248;0;0,234575370741816;0,235762851469065;0,163606319342921;0,664493669780133;0,814814091422855;0,375374324764152;0,362425578027077;0,47214721774581;0,390994946848729;0,251875187777061;0,430616617064785;0,585905651843256;0,181819824155837
"L4A17";0,886439823835411;0,394274253121454;0,394980986717231;0,917472580608436;0,585119454796625;0,457226933667929;0,946154854735999;0,825710295049747;0,513503999154554;0,905619239115918;0,768400393424873;0,504983392599917;0,428944751816068;0,628353837153321;0,439699835796451;0,433013138200817;0,471121372125202;0,304601683816014;0,453291550391511;0,421355568918511;0,518978130770064;0,599099720051016;0,404417914345114;0,370606204865272;0,283973955760658;0,169526790531458;0,245111696661243;0,219766202775021;0,186728812623212;0,264071241624377;0,231363909612735;0,202488769461564;0,292477173842728;0,230789060328826;0,200529465262432;0,32864737005547;0,307507152215062;0,583706647868021;0,322522485639578;0,336865816847399;0,299662080955885;0,097933158745699;0,47334485301342;0,257394027449758;0,124260249114216;0,346117802005844;0,17620185006742;0,119661683075294;0,282306262300507;0,234575370741816;0;0,239615546567159;0,182435442673268;0,653594046020124;0,813378940304794;0,320842929698893;0,435210760472201;0,470343756561655;0,483361448725965;0,31892907082945;0,426299959375646;0,626741124867572;0,182429771868494
"L4F18";0,856393382980153;0,325351036810045;0,315123997610251;0,899088457490432;0,503005174172801;0,360479480438221;0,8331392109598;0,797617457710853;0,442591355412668;0,846316017159527;0,699291612046021;0,448205152456364;0,456309233954775;0,56514591878985;0,330379019476864;0,361869620486783;0,410834194105805;0,196428677575826;0,396486830431071;0,347848890158993;0,443809676986982;0,541543570155151;0,354918710410707;0,248922190541492;0,281258940524434;0,208213089932224;0,217469164665522;0,257256405994594;0,205605344194035;0,209402334540763;0,219972172596292;0,210486869019756;0,210824829658963;0,214770912066999;0,215517713731876;0,257857427611265;0,224915248759122;0,458307087988534;0,234634903268566;0,254370774523353;0,250161586027411;0,179202120481877;0,414005315084834;0,248035759113149;0,25169220391306;0,186960201957383;0,212611249479803;0,234911509799882;0,18233251606559;0,235762851469065;0,239615546567159;0;0,193989509757642;0,62800836647824;0,780954422554675;0,327913426911335;0,332867527788223;0,478818054645592;0,369760682488247;0,220702569377169;0,413843895780501;0,572387304794488;0,215295171402364
"L4A18";0,885056328878816;0,418589988699031;0,375405787993839;0,917747550793785;0,591454104654108;0,430314801772284;0,855771757029959;0,828413344098327;0,503929237662922;0,836324455649015;0,778494197303275;0,512525525639657;0,461646925077721;0,608382890136509;0,379412119948584;0,433977828280488;0,448595219677014;0,251654129532383;0,451665384357335;0,446020112395489;0,466396772250399;0,575354331226967;0,426373029174055;0,317442092119895;0,277286178138704;0,267690172683732;0,284804901342103;0,273718660114715;0,24424712331256;0,278222639435699;0,258401926902252;0,249844729911634;0,285467119455969;0,283974048996129;0,253986738031999;0,327846679709651;0,312885043844477;0,492162729942142;0,311491634376081;0,340513370624398;0,310519668156753;0,149550168133804;0,414551667272626;0,196930424500438;0,202624042404124;0,271629450367713;0,129286280797888;0,180213811287235;0,218703902226431;0,163606319342921;0,182435442673268;0,193989509757642;0;0,629052673810315;0,787613701971161;0,367226697574639;0,350975402020624;0,458933666275095;0,410672763637608;0,263820088053983;0,416928464574114;0,577751899078251;0,193879451555185
"Q1A17";0,835249075331644;0,687247836734125;0,68849843588468;0,84630840983173;0,640562139591213;0,7011585443406;0,726129952149912;0,718189105098492;0,691154004244017;0,816917750402122;0,74026157959535;0,694793789534437;0,616702430303995;0,661715164806381;0,701889046976516;0,655445466578401;0,675561367138326;0,69412356703787;0,70890325492351;0,599991441881552;0,756900390552901;0,798753006732252;0,619347356661308;0,681008155381807;0,708296828085133;0,661096275577044;0,686303704003312;0,674496694065917;0,654891354050852;0,687004171040866;0,683246808704786;0,656332060504295;0,694567431205923;0,682743562024049;0,668670016659021;0,698781378386419;0,646587337379765;0,678356193352183;0,625497018469622;0,615047605504032;0,63690708379824;0,620804156374254;0,656475631809649;0,663873254150207;0,603393817728351;0,670826949991717;0,636100954995853;0,677184958104064;0,660626500886257;0,664493669780133;0,653594046020124;0,62800836647824;0,629052673810315;0;0,530154234534086;0,582034920703416;0,608661128558652;0,460150039201816;0,560483133151462;0,664055833126856;0,549513723358327;0,524668041399588;0,676685691297732
"Q1F18";0,896831850134003;0,776319128257478;0,789305765595336;0,842654120419888;0,724279501083946;0,778359150492266;0,60323492950011;0,623434144636333;0,841433139077094;0,810574300552193;0,617367040550728;0,839607003405175;0,809347459945362;0,732176676092623;0,799214046820066;0,818659619128358;0,769575147907068;0,800456847762961;0,866687899267072;0,748594919930874;0,82251482593166;0,922444477125687;0,754558041766584;0,781765995419431;0,836418364778819;0,808113846321971;0,798152488378908;0,815767383108995;0,811848209549756;0,797890679734116;0,802235453146519;0,796350459148558;0,789392934975584;0,808360795970374;0,801023800950576;0,801590370778187;0,821349769450266;0,831501985291628;0,812128917761557;0,804834453242149;0,819195970241577;0,805419802449571;0,823007640776713;0,805318867575971;0,79336808644656;0,771478184986178;0,788765021519811;0,793359901799227;0,77325519199224;0,814814091422855;0,813378940304794;0,780954422554675;0,787613701971161;0,530154234534086;0;0,729778373723263;0,67413934627511;0,682316443324114;0,658309265824659;0,799399486044066;0,778172795891688;0,595512157489719;0,818155298088785
"Q2A17";0,818350317891939;0,37703334666037;0,379476184802099;0,8991887704438;0,498133549131883;0,440137513534356;0,876132538023551;0,72729287280982;0,472682592606595;0,824872964543159;0,709754567126151;0,456116098990792;0,396841863418043;0,607425662471881;0,444487041657182;0,375477218800119;0,372342781457772;0,337511498070401;0,472880614337532;0,359087639079896;0,552871651210373;0,680700821969185;0,334971268968642;0,31766104202506;0,388378864585916;0,320765986911265;0,333333678500483;0,354149463642243;0,363328642163159;0,338820632264746;0,33297433966022;0,347345179354965;0,343640344673733;0,325582325000332;0,339251921138291;0,351956788040106;0,353004087541077;0,535709471911699;0,327927425094031;0,332225440364155;0,328731467225303;0,327274801725477;0,501214768705384;0,401969880663388;0,289392295375452;0,396452932226315;0,33742008900036;0,284283978932245;0,371417924408013;0,375374324764152;0,320842929698893;0,327913426911335;0,367226697574639;0,582034920703416;0,729778373723263;0;0,457977844787327;0,301834793542592;0,389748521690865;0,317039260653657;0,281718151784919;0,562504210827779;0,346373788158998
"Q2F18";0,893311031552143;0,437986535593181;0,429149040349613;0,917514569094289;0,539010476628834;0,481508373744103;0,79456962281981;0,814155395725099;0,584217784153012;0,830898699983524;0,689036065020912;0,589212849537292;0,621025562780779;0,575233138049526;0,435455354022306;0,518038402829561;0,439031395186542;0,36263197961149;0,57308339717851;0,451294784451041;0,515308368027939;0,700916253839309;0,488866907614724;0,393438871805145;0,39585115754316;0,404912175299019;0,374952962613187;0,402158070058798;0,389176494762712;0,375924149554752;0,385411081224711;0,397668716245362;0,36695300544412;0,401626707390932;0,393597977044225;0,396150698739352;0,412029635775644;0,516931209424527;0,393668134656978;0,411324595120648;0,427737217491411;0,38074006190886;0,454972350208156;0,355587544507291;0,426883294004408;0,32196499713942;0,33910878804824;0,427826067384118;0,327908997037147;0,362425578027077;0,435210760472201;0,332867527788223;0,350975402020624;0,608661128558652;0,67413934627511;0,457977844787327;0;0,447951539253253;0,251929304978595;0,428169234404448;0,522679607934453;0,478222736418869;0,412475810415922
"Q3A17";0,824884866626926;0,514929202633089;0,505303958682108;0,906743228944291;0,588745624876463;0,541213170148467;0,855419911755833;0,781815855963808;0,607300958114483;0,771521084190237;0,780976958276382;0,589880089139849;0,508480997720141;0,590800393408513;0,579233858417147;0,545954716105453;0,460162533396382;0,487719121831605;0,666775820112987;0,47707887810259;0,66692028953263;0,788394849873104;0,454843074422439;0,494521213833412;0,497177139725616;0,475368356772272;0,484322039338194;0,467738004932376;0,497191753473168;0,484672032480249;0,494662665758899;0,491894170106333;0,486824794986819;0,463410765191176;0,489281275750848;0,496932519032301;0,513983885912568;0,585362381573815;0,495396800232309;0,501117459739043;0,505463000257289;0,455671029712193;0,49227071828683;0,518890709319515;0,43672826632863;0,535865229323166;0,447430736309802;0,449443393050515;0,496987604654863;0,47214721774581;0,470343756561655;0,478818054645592;0,458933666275095;0,460150039201816;0,682316443324114;0,301834793542592;0,447951539253253;0;0,39525121121099;0,483784916177578;0,333988947470335;0,539632859602133;0,478623957722926
"Q3F18";0,88119221534277;0,387289272353671;0,363932972802011;0,911470105504839;0,491357709898541;0,411140414109192;0,811699799657255;0,772042430132021;0,503209449674948;0,836809193745834;0,671841209919193;0,510897113768426;0,53128691529717;0,506849580126342;0,381527759071038;0,477180581709552;0,382525541402708;0,3136736532247;0,578404034635708;0,370548802138902;0,456385378404822;0,718513345885417;0,422824646301339;0,322416615599449;0,425782853595518;0,430651443867997;0,363145638372086;0,425345319178989;0,428854269324893;0,367272997282915;0,400497401651639;0,41637836801044;0,336214653696719;0,409439997984413;0,409702552079325;0,351756027183735;0,358088485297347;0,482942101785969;0,331789821730723;0,366050786809054;0,367927270531268;0,43503505467507;0,496957804227622;0,383106804599669;0,459122047154205;0,360340401936407;0,395940968084903;0,46685754850281;0,390455290498866;0,390994946848729;0,483361448725965;0,369760682488247;0,410672763637608;0,560483133151462;0,658309265824659;0,389748521690865;0,251929304978595;0,39525121121099;0;0,4110436748046;0,501580503413288;0,430104404441887;0,429649833198328
"Q3A18";0,886539587295956;0,39052014997636;0,31644620674628;0,921853528528631;0,520433894052603;0,357255473195626;0,867135954657571;0,789670650714625;0,358736270305817;0,862194736287056;0,75461813004599;0,383321710178806;0,444000595155857;0,610553263693559;0,315369071062601;0,326677388463627;0,41205841365792;0,234983115495252;0,39926698785055;0,346440700758586;0,433064515861339;0,578771744624506;0,333342993310383;0,209499717349927;0,339437015151846;0,291347045572688;0,259816622455719;0,346839489656588;0,281202033159753;0,246616167414011;0,277767671667968;0,294630011710734;0,266990392502417;0,274863946585985;0,297656495336545;0,253751142369275;0,249848944834924;0,430405808097271;0,217478744187236;0,251819805809389;0,243281626975344;0,269676272815098;0,431122501572553;0,326377154150706;0,313672419046587;0,29852844008492;0,264744034383716;0,313642144029968;0,279830560703429;0,251875187777061;0,31892907082945;0,220702569377169;0,263820088053983;0,664055833126856;0,799399486044066;0,317039260653657;0,428169234404448;0,483784916177578;0,4110436748046;0;0,394590129904791;0,608061525051634;0,187647088540734
"Q4A17";0,840322581953104;0,477841383324082;0,452100818176308;0,904948413778568;0,54052713072231;0,496902925634085;0,874422734868511;0,755587286204954;0,518303344081696;0,813010557672271;0,763447931161412;0,519657120672254;0,445803686802201;0,614826857666303;0,47690008522716;0,464478411546937;0,432413120874323;0,420735347821588;0,528656105311081;0,423696611361618;0,565503792837453;0,659837101616956;0,396183863720555;0,407556292804949;0,452886756154662;0,421609706790851;0,443821896698257;0,428805263823405;0,434349067747384;0,433970860701133;0,391406930182095;0,428361878026374;0,439994824233771;0,394995855643261;0,431445616175872;0,44104008323995;0,435457556719923;0,504831054685229;0,412336264657732;0,401743487750603;0,42109739148961;0,377643158138409;0,52954938533538;0,45024784261718;0,381068155028823;0,472637885176956;0,420537035260009;0,407162302641797;0,475739744626476;0,430616617064785;0,426299959375646;0,413843895780501;0,416928464574114;0,549513723358327;0,778172795891688;0,281718151784919;0,522679607934453;0,333988947470335;0,501580503413288;0,394590129904791;0;0,607518525280485;0,40965834806932
"Q4F18";0,912748334114155;0,561533511988643;0,512631532534253;0,79628013596913;0,507904886437011;0,477279954171855;0,725376226038847;0,725810667601941;0,606224115529942;0,779946903274678;0,674262505458274;0,628670149661528;0,624982977232187;0,501675032633417;0,520259368167876;0,613498884583984;0,558205915540877;0,560054007362802;0,626664791297332;0,517106160389376;0,559975599824933;0,701647731525723;0,539645199009228;0,526124590248512;0,589451816534517;0,610493827305905;0,574699149639112;0,627281406205787;0,593500901319161;0,58040165492373;0,615829117691999;0,613940136508905;0,558486847221737;0,587587942824644;0,619038025754533;0,534585212943495;0,5512046296309;0,582645967346591;0,57487430296643;0,596898685359688;0,586030693385313;0,625449153630701;0,503408696220658;0,584259770929783;0,599868049990226;0,528297239530428;0,583273114450871;0,631765795236454;0,538022357721819;0,585905651843256;0,626741124867572;0,572387304794488;0,577751899078251;0,524668041399588;0,595512157489719;0,562504210827779;0,478222736418869;0,539632859602133;0,430104404441887;0,608061525051634;0,607518525280485;0;0,605045746654854
"Q4A18";0,887664585807955;0,379183691737423;0,331162270013696;0,912672133199774;0,550373894933212;0,372951268700309;0,888555334587943;0,815206825763982;0,421152805092467;0,872675358341036;0,755186134266233;0,434100509104792;0,438126656099933;0,594804148298513;0,342778519650166;0,364879544966126;0,449567890368493;0,220483178399927;0,403742301336351;0,396031852525164;0,44021178546262;0,558125311673946;0,364912060758462;0,264955773870298;0,269768044772564;0,205189558558956;0,210283917476911;0,266271364387819;0,207798237980261;0,206061469832091;0,241276374096768;0,225918542839065;0,221511881520822;0,235291341220441;0,216386964668369;0,237908586370331;0,247386746087655;0,47046876648956;0,268413584444456;0,28980591953621;0,247271597269151;0,154089339174619;0,451627870132494;0,275243428601122;0,211655257143378;0,295864946544575;0,177099418423658;0,186247848157053;0,243440947586582;0,181819824155837;0,182429771868494;0,215295171402364;0,193879451555185;0,676685691297732;0,818155298088785;0,346373788158998;0,412475810415922;0,478623957722926;0,429649833198328;0,187647088540734;0,40965834806932;0,605045746654854;0
